[
    {
      "rank": 1,
      "artist": "Ed Sheeran",
      "followers": 108986692
    },
    {
      "rank": 2,
      "artist": "Ariana Grande",
      "followers": 87484842
    },
    {
      "rank": 3,
      "artist": "Billie Eilish",
      "followers": 75853844
    },
    {
      "rank": 4,
      "artist": "Drake",
      "followers": 71599510
    },
    {
      "rank": 5,
      "artist": "Justin Bieber",
      "followers": 69650886
    },
    {
      "rank": 6,
      "artist": "Arijit Singh",
      "followers": 68918902
    },
    {
      "rank": 7,
      "artist": "Taylor Swift",
      "followers": 67219308
    },
    {
      "rank": 8,
      "artist": "Eminem",
      "followers": 65492899
    },
    {
      "rank": 9,
      "artist": "Bad Bunny",
      "followers": 63931130
    },
    {
      "rank": 10,
      "artist": "BTS",
      "followers": 60852503
    },
    {
      "rank": 11,
      "artist": "The Weeknd",
      "followers": 57847935
    },
    {
      "rank": 12,
      "artist": "Rihanna",
      "followers": 52431028
    },
    {
      "rank": 13,
      "artist": "Bruno Mars",
      "followers": 46147736
    },
    {
      "rank": 14,
      "artist": "Adele",
      "followers": 46095848
    },
    {
      "rank": 15,
      "artist": "Imagine Dragons",
      "followers": 45333330
    },
    {
      "rank": 16,
      "artist": "Queen",
      "followers": 45114882
    },
    {
      "rank": 17,
      "artist": "Coldplay",
      "followers": 41627107
    },
    {
      "rank": 18,
      "artist": "Shawn Mendes",
      "followers": 40712211
    },
    {
      "rank": 19,
      "artist": "XXXTentacion",
      "followers": 40230713
    },
    {
      "rank": 20,
      "artist": "Neha Kakkar",
      "followers": 39962815
    },
    {
      "rank": 21,
      "artist": "Selena Gomez",
      "followers": 39908847
    },
    {
      "rank": 22,
      "artist": "Post Malone",
      "followers": 39581015
    },
    {
      "rank": 23,
      "artist": "Maroon 5",
      "followers": 39525585
    },
    {
      "rank": 24,
      "artist": "Dua Lipa",
      "followers": 38568157
    },
    {
      "rank": 25,
      "artist": "BLACKPINK",
      "followers": 37134264
    },
    {
      "rank": 26,
      "artist": "Alan Walker",
      "followers": 36928336
    },
    {
      "rank": 27,
      "artist": "J Balvin",
      "followers": 36502990
    },
    {
      "rank": 28,
      "artist": "Ozuna",
      "followers": 35401495
    },
    {
      "rank": 29,
      "artist": "Marshmello",
      "followers": 34821330
    },
    {
      "rank": 30,
      "artist": "Beyoncé",
      "followers": 33425517
    },
    {
      "rank": 31,
      "artist": "Maluma",
      "followers": 33153391
    },
    {
      "rank": 32,
      "artist": "Karol G",
      "followers": 31891370
    },
    {
      "rank": 33,
      "artist": "Daddy Yankee",
      "followers": 31315380
    },
    {
      "rank": 34,
      "artist": "A.R. Rahman",
      "followers": 29442100
    },
    {
      "rank": 35,
      "artist": "One Direction",
      "followers": 29308601
    },
    {
      "rank": 36,
      "artist": "Camila Cabello",
      "followers": 29292254
    },
    {
      "rank": 37,
      "artist": "Marília Mendonça",
      "followers": 28590124
    },
    {
      "rank": 38,
      "artist": "Juice WRLD",
      "followers": 27642386
    },
    {
      "rank": 39,
      "artist": "Guns N' Roses",
      "followers": 27566027
    },
    {
      "rank": 40,
      "artist": "Nicki Minaj",
      "followers": 27299227
    },
    {
      "rank": 41,
      "artist": "Shakira",
      "followers": 26803358
    },
    {
      "rank": 42,
      "artist": "Anuel Aa",
      "followers": 26593823
    },
    {
      "rank": 43,
      "artist": "Michael Jackson",
      "followers": 25885503
    },
    {
      "rank": 44,
      "artist": "Harry Styles",
      "followers": 25827957
    },
    {
      "rank": 45,
      "artist": "Sia",
      "followers": 25598320
    },
    {
      "rank": 46,
      "artist": "AC/DC",
      "followers": 25591759
    },
    {
      "rank": 47,
      "artist": "David Guetta",
      "followers": 25447509
    },
    {
      "rank": 48,
      "artist": "Katy Perry",
      "followers": 25003200
    },
    {
      "rank": 49,
      "artist": "Lady Gaga",
      "followers": 24986198
    },
    {
      "rank": 50,
      "artist": "The Beatles",
      "followers": 24558614
    },
    {
      "rank": 51,
      "artist": "Doja Cat",
      "followers": 24239366
    },
    {
      "rank": 52,
      "artist": "Demi Lovato",
      "followers": 24156953
    },
    {
      "rank": 53,
      "artist": "Olivia Rodrigo",
      "followers": 23839623
    },
    {
      "rank": 54,
      "artist": "Metallica",
      "followers": 23664766
    },
    {
      "rank": 55,
      "artist": "Badshah",
      "followers": 23272361
    },
    {
      "rank": 56,
      "artist": "Twenty One Pilots",
      "followers": 23184971
    },
    {
      "rank": 57,
      "artist": "Calvin Harris",
      "followers": 23165492
    },
    {
      "rank": 58,
      "artist": "Kendrick Lamar",
      "followers": 22807852
    },
    {
      "rank": 59,
      "artist": "Linkin Park",
      "followers": 22546461
    },
    {
      "rank": 60,
      "artist": "Avicii",
      "followers": 22531214
    },
    {
      "rank": 61,
      "artist": "ZAYN",
      "followers": 21881830
    },
    {
      "rank": 62,
      "artist": "Travis Scott",
      "followers": 21833325
    },
    {
      "rank": 63,
      "artist": "Sam Smith",
      "followers": 21633558
    },
    {
      "rank": 64,
      "artist": "Cardi B",
      "followers": 21061680
    },
    {
      "rank": 65,
      "artist": "Sebastian Yatra",
      "followers": 20868670
    },
    {
      "rank": 66,
      "artist": "Lana Del Rey",
      "followers": 20697212
    },
    {
      "rank": 67,
      "artist": "Paulo Londra",
      "followers": 20427428
    },
    {
      "rank": 68,
      "artist": "The Chainsmokers",
      "followers": 19891165
    },
    {
      "rank": 69,
      "artist": "Miley Cyrus",
      "followers": 19570462
    },
    {
      "rank": 70,
      "artist": "Halsey",
      "followers": 19379246
    },
    {
      "rank": 71,
      "artist": "Charlie Puth",
      "followers": 19297921
    },
    {
      "rank": 72,
      "artist": "Kanye West",
      "followers": 19245836
    },
    {
      "rank": 73,
      "artist": "J. Cole",
      "followers": 19123370
    },
    {
      "rank": 74,
      "artist": "Red Hot Chili Peppers",
      "followers": 19110886
    },
    {
      "rank": 75,
      "artist": "Gusttavo Lima",
      "followers": 18541267
    },
    {
      "rank": 76,
      "artist": "Nicky Jam",
      "followers": 18490368
    },
    {
      "rank": 77,
      "artist": "Chris Brown",
      "followers": 18377142
    },
    {
      "rank": 78,
      "artist": "Arctic Monkeys",
      "followers": 18314139
    },
    {
      "rank": 79,
      "artist": "Pink Floyd",
      "followers": 18290600
    },
    {
      "rank": 80,
      "artist": "Jorge & Mateus",
      "followers": 18020516
    },
    {
      "rank": 81,
      "artist": "Henrique & Juliano",
      "followers": 17879811
    },
    {
      "rank": 82,
      "artist": "Ze Neto & Cristiano",
      "followers": 17702773
    },
    {
      "rank": 83,
      "artist": "Romeo Santos",
      "followers": 17562773
    },
    {
      "rank": 84,
      "artist": "Camilo",
      "followers": 17379467
    },
    {
      "rank": 85,
      "artist": "Nirvana",
      "followers": 16909004
    },
    {
      "rank": 86,
      "artist": "Banda Sinaloense MS De Sergio Lizarraga",
      "followers": 16790656
    },
    {
      "rank": 87,
      "artist": "Armaan Malik",
      "followers": 16780673
    },
    {
      "rank": 88,
      "artist": "Twice",
      "followers": 16490633
    },
    {
      "rank": 89,
      "artist": "Melanie Martinez",
      "followers": 16275518
    },
    {
      "rank": 90,
      "artist": "Anirudh Ravichander",
      "followers": 16158240
    },
    {
      "rank": 91,
      "artist": "Shreya Ghoshal",
      "followers": 15934277
    },
    {
      "rank": 92,
      "artist": "Khalid",
      "followers": 15783842
    },
    {
      "rank": 93,
      "artist": "Martin Garrix",
      "followers": 15720327
    },
    {
      "rank": 94,
      "artist": "Rauw Alejandro",
      "followers": 15484865
    },
    {
      "rank": 95,
      "artist": "Fifth Harmony",
      "followers": 15299545
    },
    {
      "rank": 96,
      "artist": "OneRepublic",
      "followers": 14997682
    },
    {
      "rank": 97,
      "artist": "Sidhu Moose Wala",
      "followers": 14745290
    },
    {
      "rank": 98,
      "artist": "Farruko",
      "followers": 14631997
    },
    {
      "rank": 99,
      "artist": "Diljit Dosanjh",
      "followers": 14543580
    },
    {
      "rank": 100,
      "artist": "2Pac",
      "followers": 14493841
    },
    {
      "rank": 101,
      "artist": "P!nk",
      "followers": 14484340
    },
    {
      "rank": 102,
      "artist": "Lil Uzi Vert",
      "followers": 14476368
    },
    {
      "rank": 103,
      "artist": "Guru Randhawa",
      "followers": 14099602
    },
    {
      "rank": 104,
      "artist": "Green Day",
      "followers": 13758090
    },
    {
      "rank": 105,
      "artist": "j-hope",
      "followers": 13558232
    },
    {
      "rank": 106,
      "artist": "Cartel De Santa",
      "followers": 13165860
    },
    {
      "rank": 107,
      "artist": "Lil Wayne",
      "followers": 13103503
    },
    {
      "rank": 108,
      "artist": "Aerosmith",
      "followers": 13099814
    },
    {
      "rank": 109,
      "artist": "Future",
      "followers": 13038749
    },
    {
      "rank": 110,
      "artist": "Led Zeppelin",
      "followers": 13026844
    },
    {
      "rank": 111,
      "artist": "Becky G",
      "followers": 13022382
    },
    {
      "rank": 112,
      "artist": "Sunidhi Chauhan",
      "followers": 13005946
    },
    {
      "rank": 113,
      "artist": "Rahat Fateh Ali Khan",
      "followers": 12977453
    },
    {
      "rank": 114,
      "artist": "Lil Baby",
      "followers": 12970620
    },
    {
      "rank": 115,
      "artist": "Migos",
      "followers": 12931794
    },
    {
      "rank": 116,
      "artist": "Christian Nodal",
      "followers": 12871175
    },
    {
      "rank": 117,
      "artist": "Atif Aslam",
      "followers": 12815806
    },
    {
      "rank": 118,
      "artist": "Meghan Trainor",
      "followers": 12796331
    },
    {
      "rank": 119,
      "artist": "21 Savage",
      "followers": 12728736
    },
    {
      "rank": 120,
      "artist": "Anitta",
      "followers": 12631596
    },
    {
      "rank": 121,
      "artist": "Justin Timberlake",
      "followers": 12602800
    },
    {
      "rank": 122,
      "artist": "The Rolling Stones",
      "followers": 12576255
    },
    {
      "rank": 123,
      "artist": "RM",
      "followers": 12535398
    },
    {
      "rank": 124,
      "artist": "Jennifer Lopez",
      "followers": 12299694
    },
    {
      "rank": 125,
      "artist": "Lil Nas X",
      "followers": 12274913
    },
    {
      "rank": 126,
      "artist": "Alok",
      "followers": 12013048
    },
    {
      "rank": 127,
      "artist": "Maiara & Maraisa",
      "followers": 12002634
    },
    {
      "rank": 128,
      "artist": "Pop Smoke",
      "followers": 11994398
    },
    {
      "rank": 129,
      "artist": "Britney Spears",
      "followers": 11870098
    },
    {
      "rank": 130,
      "artist": "A$AP Rocky",
      "followers": 11817945
    },
    {
      "rank": 131,
      "artist": "Bon Jovi",
      "followers": 11788775
    },
    {
      "rank": 132,
      "artist": "V",
      "followers": 11770756
    },
    {
      "rank": 133,
      "artist": "Jason Derulo",
      "followers": 11711275
    },
    {
      "rank": 134,
      "artist": "Panic! at the Disco",
      "followers": 11679163
    },
    {
      "rank": 135,
      "artist": "Ellie Goulding",
      "followers": 11612697
    },
    {
      "rank": 136,
      "artist": "The Neighbourhood",
      "followers": 11552586
    },
    {
      "rank": 137,
      "artist": "Luis Miguel",
      "followers": 11508095
    },
    {
      "rank": 138,
      "artist": "Sech",
      "followers": 11480132
    },
    {
      "rank": 139,
      "artist": "Wesley Safadão",
      "followers": 11467969
    },
    {
      "rank": 140,
      "artist": "Manuel Turizo",
      "followers": 11399387
    },
    {
      "rank": 141,
      "artist": "Bob Marley",
      "followers": 11208375
    },
    {
      "rank": 142,
      "artist": "Little Mix",
      "followers": 11134212
    },
    {
      "rank": 143,
      "artist": "Alessia Cara",
      "followers": 11118635
    },
    {
      "rank": 144,
      "artist": "Pritam",
      "followers": 11111340
    },
    {
      "rank": 145,
      "artist": "Enrique Iglesias",
      "followers": 11065112
    },
    {
      "rank": 146,
      "artist": "James Arthur",
      "followers": 11039898
    },
    {
      "rank": 147,
      "artist": "Ricardo Arjona",
      "followers": 11020494
    },
    {
      "rank": 148,
      "artist": "Elton John",
      "followers": 10935728
    },
    {
      "rank": 149,
      "artist": "Wiz Khalifa",
      "followers": 10897315
    },
    {
      "rank": 150,
      "artist": "Sonu Nigam",
      "followers": 10866799
    },
    {
      "rank": 151,
      "artist": "Luis Fonsi",
      "followers": 10853749
    },
    {
      "rank": 152,
      "artist": "Jessie J",
      "followers": 10833884
    },
    {
      "rank": 153,
      "artist": "Yo Yo Honey Singh",
      "followers": 10743316
    },
    {
      "rank": 154,
      "artist": "U2",
      "followers": 10700823
    },
    {
      "rank": 155,
      "artist": "Agust D",
      "followers": 10681664
    },
    {
      "rank": 156,
      "artist": "Foo Fighters",
      "followers": 10619227
    },
    {
      "rank": 157,
      "artist": "Matheus & Kauan",
      "followers": 10608456
    },
    {
      "rank": 158,
      "artist": "Frank Ocean",
      "followers": 10585422
    },
    {
      "rank": 159,
      "artist": "Anne-Marie",
      "followers": 10568486
    },
    {
      "rank": 160,
      "artist": "DaBaby",
      "followers": 10510462
    },
    {
      "rank": 161,
      "artist": "Myke Towers",
      "followers": 10452193
    },
    {
      "rank": 162,
      "artist": "SZA",
      "followers": 10451420
    },
    {
      "rank": 163,
      "artist": "Lewis Capaldi",
      "followers": 10445279
    },
    {
      "rank": 164,
      "artist": "Big Sean",
      "followers": 10440325
    },
    {
      "rank": 165,
      "artist": "Tyler the Creator",
      "followers": 10420230
    },
    {
      "rank": 166,
      "artist": "YoungBoy Never Broke Again",
      "followers": 10418695
    },
    {
      "rank": 167,
      "artist": "Sid Sriram",
      "followers": 10400155
    },
    {
      "rank": 168,
      "artist": "Childish Gambino",
      "followers": 10399381
    },
    {
      "rank": 169,
      "artist": "Alicia Keys",
      "followers": 10390974
    },
    {
      "rank": 170,
      "artist": "Zara Larsson",
      "followers": 10373464
    },
    {
      "rank": 171,
      "artist": "Stray Kids",
      "followers": 10349959
    },
    {
      "rank": 172,
      "artist": "Usher",
      "followers": 10278600
    },
    {
      "rank": 173,
      "artist": "50 Cent",
      "followers": 10040143
    },
    {
      "rank": 174,
      "artist": "Liam Payne",
      "followers": 9982490
    },
    {
      "rank": 175,
      "artist": "Gorillaz",
      "followers": 9923570
    },
    {
      "rank": 176,
      "artist": "Lorde",
      "followers": 9917569
    },
    {
      "rank": 177,
      "artist": "Pitbull",
      "followers": 9823229
    },
    {
      "rank": 178,
      "artist": "Fall Out Boy",
      "followers": 9787305
    },
    {
      "rank": 179,
      "artist": "Arcangel",
      "followers": 9751488
    },
    {
      "rank": 180,
      "artist": "ABBA",
      "followers": 9597730
    },
    {
      "rank": 181,
      "artist": "Lil Peep",
      "followers": 9546013
    },
    {
      "rank": 182,
      "artist": "Avril Lavigne",
      "followers": 9533688
    },
    {
      "rank": 183,
      "artist": "Kelly Clarkson",
      "followers": 9499427
    },
    {
      "rank": 184,
      "artist": "CNCO",
      "followers": 9491367
    },
    {
      "rank": 185,
      "artist": "Calibre 50",
      "followers": 9482822
    },
    {
      "rank": 186,
      "artist": "Tulus",
      "followers": 9474218
    },
    {
      "rank": 187,
      "artist": "EXO",
      "followers": 9390278
    },
    {
      "rank": 188,
      "artist": "Fleetwood Mac",
      "followers": 9348699
    },
    {
      "rank": 189,
      "artist": "Snoop Dogg",
      "followers": 9228419
    },
    {
      "rank": 190,
      "artist": "Maná",
      "followers": 9221908
    },
    {
      "rank": 191,
      "artist": "Daft Punk",
      "followers": 9177091
    },
    {
      "rank": 192,
      "artist": "Niall Horan",
      "followers": 9163028
    },
    {
      "rank": 193,
      "artist": "5 Seconds Of Summer",
      "followers": 9156617
    },
    {
      "rank": 194,
      "artist": "Slipknot",
      "followers": 9153943
    },
    {
      "rank": 195,
      "artist": "DJ Khaled",
      "followers": 9143181
    },
    {
      "rank": 196,
      "artist": "Eagles",
      "followers": 9086842
    },
    {
      "rank": 197,
      "artist": "David Bowie",
      "followers": 9052718
    },
    {
      "rank": 198,
      "artist": "Polo G",
      "followers": 9044859
    },
    {
      "rank": 199,
      "artist": "Bizarrap",
      "followers": 8975775
    },
    {
      "rank": 200,
      "artist": "Kodak Black",
      "followers": 8956062
    },
    {
      "rank": 201,
      "artist": "\n                <img src=\"https://b2083448.smushcdn.com/2083448/wp-content/uploads/2022/11/Most-streamed-artists-button.jpg?lossy=1&strip=1&webp=1\" srcset=\"https://b2083448.smushcdn.com/2083448/wp-content/uploads/2022/11/Most-streamed-artists-button-100x100.jpg?lossy=1&strip=1&webp=1 100w, https://b2083448.smushcdn.com/2083448/wp-content/uploads/2022/11/Most-streamed-artists-button-150x150.jpg?lossy=1&strip=1&webp=1 150w, https://b2083448.smushcdn.com/2083448/wp-content/uploads/2022/11/Most-streamed-artists-button-200x200.jpg?lossy=1&strip=1&webp=1 200w, https://b2083448.smushcdn.com/2083448/wp-content/uploads/2022/11/Most-streamed-artists-button-300x300.jpg?lossy=1&strip=1&webp=1 300w, https://b2083448.smushcdn.com/2083448/wp-content/uploads/2022/11/Most-streamed-artists-button-450x450.jpg?lossy=1&strip=1&webp=1 450w, https://b2083448.smushcdn.com/2083448/wp-content/uploads/2022/11/Most-streamed-artists-button.jpg?size=516x516&lossy=1&strip=1&webp=1 516w, https://b2083448.smushcdn.com/2083448/wp-content/uploads/2022/11/Most-streamed-artists-button-600x600.jpg?lossy=1&strip=1&webp=1 600w, https://b2083448.smushcdn.com/2083448/wp-content/uploads/2022/11/Most-streamed-artists-button.jpg?size=688x688&lossy=1&strip=1&webp=1 688w, https://b2083448.smushcdn.com/2083448/wp-content/uploads/2022/11/Most-streamed-artists-button-900x900.jpg?lossy=1&strip=1&webp=1 900w, https://b2083448.smushcdn.com/2083448/wp-content/uploads/2022/11/Most-streamed-artists-button.jpg?lossy=1&strip=1&webp=1 937w\" sizes=\"(max-width: 937px) 100vw, 937px\" />",
      "followers": null
    },
    {
      "rank": 202,
      "artist": "\n                <img src=\"https://b2083448.smushcdn.com/2083448/wp-content/uploads/2022/11/Highest-gainers-in-followers-button.jpg?lossy=1&strip=1&webp=1\" srcset=\"https://b2083448.smushcdn.com/2083448/wp-content/uploads/2022/11/Highest-gainers-in-followers-button-100x101.jpg?lossy=1&strip=1&webp=1 100w, https://b2083448.smushcdn.com/2083448/wp-content/uploads/2022/11/Highest-gainers-in-followers-button-150x152.jpg?lossy=1&strip=1&webp=1 150w, https://b2083448.smushcdn.com/2083448/wp-content/uploads/2022/11/Highest-gainers-in-followers-button-200x202.jpg?lossy=1&strip=1&webp=1 200w, https://b2083448.smushcdn.com/2083448/wp-content/uploads/2022/11/Highest-gainers-in-followers-button-297x300.jpg?lossy=1&strip=1&webp=1 297w, https://b2083448.smushcdn.com/2083448/wp-content/uploads/2022/11/Highest-gainers-in-followers-button-300x303.jpg?lossy=1&strip=1&webp=1 300w, https://b2083448.smushcdn.com/2083448/wp-content/uploads/2022/11/Highest-gainers-in-followers-button-450x455.jpg?lossy=1&strip=1&webp=1 450w, https://b2083448.smushcdn.com/2083448/wp-content/uploads/2022/11/Highest-gainers-in-followers-button.jpg?size=516x522&lossy=1&strip=1&webp=1 516w, https://b2083448.smushcdn.com/2083448/wp-content/uploads/2022/11/Highest-gainers-in-followers-button-600x606.jpg?lossy=1&strip=1&webp=1 600w, https://b2083448.smushcdn.com/2083448/wp-content/uploads/2022/11/Highest-gainers-in-followers-button.jpg?size=688x695&lossy=1&strip=1&webp=1 688w, https://b2083448.smushcdn.com/2083448/wp-content/uploads/2022/11/Highest-gainers-in-followers-button-900x910.jpg?lossy=1&strip=1&webp=1 900w, https://b2083448.smushcdn.com/2083448/wp-content/uploads/2022/11/Highest-gainers-in-followers-button.jpg?lossy=1&strip=1&webp=1 938w\" sizes=\"(max-width: 938px) 100vw, 938px\" />",
      "followers": null
    }
  ]