[
  {
    "rank": 1,
    "artist": "The Weeknd",
    "monthlyListeners": null
  },
  {
    "rank": 2,
    "artist": "Taylor Swift",
    "monthlyListeners": null
  },
  {
    "rank": 3,
    "artist": "Miley Cyrus",
    "monthlyListeners": null
  },
  {
    "rank": 4,
    "artist": "Ed Sheeran",
    "monthlyListeners": null
  },
  {
    "rank": 5,
    "artist": "Shakira",
    "monthlyListeners": null
  },
  {
    "rank": 6,
    "artist": "David Guetta",
    "monthlyListeners": null
  },
  {
    "rank": 7,
    "artist": "Sam Smith",
    "monthlyListeners": null
  },
  {
    "rank": 8,
    "artist": "Rihanna",
    "monthlyListeners": null
  },
  {
    "rank": 9,
    "artist": "Drake (musician)",
    "monthlyListeners": null
  },
  {
    "rank": 10,
    "artist": "Justin Bieber",
    "monthlyListeners": null
  },
  {
    "rank": 11,
    "artist": "SZA",
    "monthlyListeners": null
  },
  {
    "rank": 12,
    "artist": "Eminem",
    "monthlyListeners": null
  },
  {
    "rank": 13,
    "artist": "Bad Bunny",
    "monthlyListeners": null
  },
  {
    "rank": 14,
    "artist": "Harry Styles",
    "monthlyListeners": null
  },
  {
    "rank": 15,
    "artist": "Dua Lipa",
    "monthlyListeners": null
  },
  {
    "rank": 16,
    "artist": "21 Savage",
    "monthlyListeners": null
  },
  {
    "rank": 17,
    "artist": "Coldplay",
    "monthlyListeners": null
  },
  {
    "rank": 18,
    "artist": "Lady Gaga",
    "monthlyListeners": null
  },
  {
    "rank": 19,
    "artist": "Imagine Dragons",
    "monthlyListeners": null
  },
  {
    "rank": 20,
    "artist": "Bizarrap",
    "monthlyListeners": null
  },
  {
    "rank": 21,
    "artist": "Bruno Mars",
    "monthlyListeners": null
  },
  {
    "rank": 22,
    "artist": "Ariana Grande",
    "monthlyListeners": null
  },
  {
    "rank": 23,
    "artist": "Selena Gomez",
    "monthlyListeners": null
  },
  {
    "rank": 24,
    "artist": "Chris Brown",
    "monthlyListeners": null
  },
  {
    "rank": 25,
    "artist": "Calvin Harris",
    "monthlyListeners": null
  },
  {
    "rank": 26,
    "artist": "Maroon 5",
    "monthlyListeners": null
  },
  {
    "rank": 27,
    "artist": "Metro Boomin",
    "monthlyListeners": null
  },
  {
    "rank": 28,
    "artist": "Bebe Rexha",
    "monthlyListeners": null
  },
  {
    "rank": 29,
    "artist": "Doja Cat",
    "monthlyListeners": null
  },
  {
    "rank": 30,
    "artist": "Billie Eilish",
    "monthlyListeners": null
  }
]